"","Bin1","Bin2","Bin3","Bin4","Bin5","Bin6","Bin7","Bin8","Bin9","Bin10","Bin11","Bin12","Bin13","Bin14","Bin15","Bin16","Bin17","Bin18","Bin19","Bin20","Bin21","Bin22","Bin23","Bin24","Bin25","Bin26","Bin27","Bin28","Bin29","binflat"
"1",0.129637050598998,0.122956692851125,0.12428859845272,0.134103095781855,0.111053268369929,0.13697555421851,0.125603848023224,0.129212447561788,0.135410324912305,0.12886484230031,0.124485243484839,0.122507319253789,0.125004169231799,0.136479646890188,0.145520840738368,0.12731344300684,0.142875859282005,0.142271084979914,0.1386712670303,0.14287379899583,0.147142737100216,0.152585515066978,0.139175890033041,0.137821401189926,0.136566762572404,0.138096436312648,0.137231609334328,0.140140782882904,0.136499541471759,0.176930196818109
"2",0.129625267978669,0.125130757691961,0.127162589424059,0.136259868223043,0.112054130074695,0.139263033936093,0.127304295030624,0.128467980127153,0.132658822950806,0.129308490266736,0.124168350128738,0.122867313258976,0.125433514850152,0.137312230415032,0.149743804857042,0.126103243244158,0.142245197049827,0.145570208217317,0.139016840386271,0.141989026639388,0.147290505673592,0.155578341470796,0.142987878073268,0.136126450251531,0.13622992978274,0.140427196796094,0.139215266668441,0.139338319845348,0.135041885506178,0.176930196818108
"3",0.0385418511060231,0.0375952114744079,0.0396134737973367,0.0400116063104625,0.0361719245710134,0.0404385797841811,0.0416232417455583,0.0403418842046605,0.0393760038951453,0.039566648634551,0.0403385675957028,0.0412687034183851,0.0411957064703794,0.0431840088069558,0.0402313808827513,0.0388499474851782,0.0446064395640565,0.0423594630267074,0.0434562284794112,0.0406100497768703,0.0461818448677664,0.0463340700113438,0.0443651776437901,0.0438658608955627,0.0456354200949117,0.0464513687522286,0.0468558832109774,0.0486976419499388,0.0481384016821408,0.0557594527877783
"4",0.0462724428649932,0.0408714548957592,0.044784560320606,0.0448109284806158,0.0459315274042627,0.0432936349367592,0.0451787543827074,0.0430749982129965,0.040600073642466,0.0438315750648647,0.0441300835575544,0.0453296286780307,0.0419526384771889,0.0407079687168975,0.0389428095568665,0.0411913769864628,0.0421682737462884,0.0417958914632181,0.0413904099104529,0.0398614960921076,0.041359408495894,0.0389574386365134,0.0403786221377896,0.041558732589839,0.0430900700216667,0.0425328065173846,0.0443892112449035,0.0416159403672785,0.0436929315259629,0.0557594527877781
"5",0.0374323309915409,0.0438441590784088,0.044332990995117,0.0409408890887958,0.0441069012537888,0.0400067209479428,0.0397406182759572,0.0463096302426072,0.0389482630196414,0.0402008934500497,0.0436069255855139,0.0442368025559592,0.0495446946613954,0.0470873906841178,0.0520012415234495,0.048082185831417,0.0493680166789262,0.0481191499110113,0.0450032530459391,0.0442008557096199,0.0452273161913248,0.0410356808900406,0.0502189097446929,0.0434108905018213,0.0480801103841508,0.0513983927276195,0.0426627781392864,0.0467307341412945,0.0514733967143643,0.0580211199278816
"6",0.0347616907039612,0.0395058646823053,0.0418168443575457,0.0387647143341119,0.0369574958770167,0.0378927565499813,0.0379098077881522,0.0431547333048609,0.0355765291970716,0.0377170145229675,0.0409861359665001,0.0430355870615891,0.0485824405523554,0.0493178586707609,0.0506340269511092,0.0451871775653725,0.0514319895970169,0.0490392622380324,0.0457539515382518,0.0445640603372195,0.0499237304027017,0.0465538202672433,0.0558987114226569,0.0457921814427858,0.0510657069974891,0.0538443304080473,0.0471856319302323,0.050849859052999,0.05613963713404,0.0580211199275065
"7",0.423283818442568,0.388606169212628,0.422343216953121,0.435866537068037,0.428365271091701,0.478089054109664,0.436634423344532,0.423683548839722,0.449573760841691,0.386168714006883,0.414452848128374,0.394406792235687,0.400751249815898,0.488865473761789,0.306237757878891,0.417604602344059,0.444655923946611,0.426722746271273,0.494883101683941,0.503870184398228,0.418617906440059,0.426526633749603,0.402357244246818,0.354481854828233,0.341710569959808,0.337252719717913,0.331548597909865,0.341648040630021,0.257486071952578,0.541600279527544
"8",0.272489097454487,0.21949071890635,0.247703417976929,0.187141190942267,0.222103825951237,0.229763299468736,0.272624453630484,0.185747175380188,0.210779832350192,0.185558468236861,0.215806898278263,0.262989202485088,0.136419195294947,0.192535485155867,0.151719755149756,0.179961844445477,0.169500236448816,0.195892972803353,0.176266660745425,0.170520570672458,0.199459426933823,0.246275838675393,0.188452779826669,0.218879947365424,0.213583171056932,0.2508944907634,0.250182442238279,0.205207600837025,0.255465879937146,0.269378200501546
"9",2.29324199547002,2.16505625969524,2.59256524128551,1.89128486101231,2.21407021895056,2.37224299379507,2.7967972109019,2.12992227083392,2.03840609171512,1.70380312837569,2.36683482623251,2.63512071840309,1.56001883105722,2.3200573378059,1.54753460174259,1.93792403525163,1.96376494179397,2.23020274489159,2.22112193614676,1.89228631357186,2.04783810910239,2.35364816618779,2.18751711206938,1.90190830857162,2.07498977153217,2.59780155073549,2.15345176295048,1.86891235411833,2.28152923599878,2.78469451070797
"10",0.0533561240080119,0.0600317832894171,0.057985276689303,0.0780554653492094,0.0619649234048342,0.0507622177010975,0.0476384831701254,0.060084488102124,0.0615055861776861,0.0610719178872986,0.0617697152734545,0.0520482728243084,0.0870180009167003,0.057380952339457,0.0719420871442263,0.0701830482693254,0.0769902376944976,0.0573219944882399,0.0599589202190111,0.0791234925082318,0.0548078828896165,0.0626139668828201,0.0624986828643106,0.0674030970996384,0.0636060728508181,0.047260713247137,0.0703540029833536,0.0771407863393132,0.0551962876918463,0.0917906824280116
"11",0.348261950553259,0.308827292161357,0.335505491071235,0.341381620946915,0.315821704650621,0.274959360200452,0.308034359146603,0.257029075520083,0.306255532793199,0.267637606973171,0.316335303304167,0.327631782622959,0.27767116943582,0.258390332981176,0.253880946169066,0.30042047077033,0.300262532870877,0.261944682610805,0.24800555206155,0.31441917582092,0.252832588131721,0.361645200111376,0.274269728670995,0.340368400174927,0.318821630665544,0.27322988751897,0.413015193946508,0.370808518101567,0.328504958302291,0.446529523289523
"12",0.0493669960448727,0.05472580075215,0.0472662965272244,0.0530834192896984,0.0409854141563678,0.0539760885170818,0.0489104808265266,0.055130019211353,0.0567816002832753,0.0508836108257878,0.0518633713722088,0.0509180699729925,0.052253526490705,0.0611794083951175,0.0613240978492104,0.053609517900042,0.0573852165041866,0.0588583641391961,0.0559945330157085,0.0567300975726317,0.0624894364550829,0.0680217943554074,0.0592241298427402,0.059260471231111,0.0556219884088785,0.0565445508761074,0.0570565746785979,0.0598154573849312,0.0524544012430549,0.0724370094399004
"13",0.0553462216949075,0.0494796569082665,0.051306439199884,0.0575113445401101,0.0488651733755553,0.0555411009462863,0.0539669449450785,0.0544898233217232,0.0496573560737733,0.0553951678663743,0.0537266700155818,0.0558911449245022,0.0495085180747411,0.0533971291563983,0.0493684898819289,0.0478805675499774,0.0554820374034671,0.0537230884883793,0.050233061673328,0.0481260027936822,0.0566946702517751,0.0532105839503227,0.0509718093306079,0.0552710869435426,0.0548323887065862,0.0533193979173927,0.0588486799769473,0.0586454898366857,0.0524347428386572,0.0705937955132254
"14",0.0445584651833022,0.0515748390468032,0.0553859253407234,0.0528349454735122,0.0502819458007881,0.0480461197049158,0.0450364685263231,0.0637978338719186,0.0425399812732795,0.0496598627379337,0.0562846873912738,0.060111841316091,0.066491811048376,0.0655670045501598,0.0716983547317701,0.0634725581198182,0.0737739316838096,0.0681566349241837,0.0564941460689832,0.0545894537143931,0.0660217354766701,0.049813334347759,0.0741389546415708,0.061192701013781,0.068432106389758,0.0739847435505449,0.0612772587019025,0.0711891757002498,0.0777170378143277,0.0768674531814561
"15",4.46066269761369,4.39840581493796,5.37258182320421,5.42245256519971,4.93572732630414,5.81054949189703,4.63157498711678,6.16417007086074,4.73319844927998,4.10702483310337,5.29836593761668,5.13157548759956,5.74538238602344,8.10667973051697,3.74663559104378,5.97738449405145,7.79129169547025,6.81579650315556,7.31237378072324,7.25201902288519,6.22994348781138,4.71670363170181,6.32918895635955,3.98695559132578,4.23888845014141,4.44727191249825,3.55487253484406,4.37435081904415,2.74398160621803,7.09541068730155
"16",183.719495168038,137.181760434582,202.078308506658,122.458397009791,134.94864296984,180.532045907479,236.095018843236,138.670361659486,121.35123962888,93.307571356985,172.784447268098,225.716635935662,69.0639961415801,174.683144474753,67.3211971807553,110.224787421067,121.372205694232,152.668971321739,140.869207371443,110.282363172464,140.256834172555,176.480502607229,148.052743572838,123.034689681472,132.588583909204,193.496688035756,161.978842751154,115.259445936205,160.220974490409,187.123322471352
"17",299.560739929161,266.031208918207,369.149695308921,405.949306255911,272.547815653153,256.821582891158,300.353105577472,265.736412341013,254.582814691331,187.905339371854,365.287523200585,349.427257283477,271.71383838154,307.629830878666,184.019259958052,298.680183825252,374.652872487149,265.762779951114,274.718968654748,364.177687803138,221.605903686601,379.238613827941,309.504571889787,292.142051603813,291.413791690534,226.534743473468,429.849749554633,376.161865953258,261.499776877492,504.695323012214
"18",0,0,0,0,0,0,0,0,0,0,0,0,0,0,0,0,0,0,0,0,0,0,0,0,0,0,0,0,0,0
"19",0,0,0,0,0,0,0,0,0,0,0,0,0,0,0,0,0,0,0,0,0,0,0,0,0,0,0,0,0,0
"20",0,0,0,0,0,0,0,0,0,0,0,0,0,0,0,0,0,0,0,0,0,0,0,0,0,0,0,0,0,0
"21",4.05610679825443,2.56921284697069,3.38104537779029,2.68824394520009,2.22161960796546,3.13938266458546,3.71310991669508,2.5709776917907,2.72382911952871,2.50602388700623,3.68229994908776,4.55204223775805,1.95990737807259,2.65400788121216,1.73376502603769,3.00764384002039,2.25642377160266,2.53749613577893,3.1946820868467,2.19617478237543,2.46656228115323,2.98440273664913,2.82746889072832,2.73039568222987,2.97943701093407,2.36921725493173,3.43257065696567,2.90031710162126,3.17614798429296,3.87138504101726
"22",5.8371136010704,4.28435329687043,5.188411514084,4.40731885263679,3.54434596755719,5.3512239158979,5.53908005855684,3.61083268092345,4.07417274766662,4.27798870040867,5.16752553465071,6.57920795299248,3.1357755250508,4.75995507763194,3.01501463311491,4.47894990478196,3.97083148034322,3.82067717687723,4.59814495352922,4.04061553414019,4.00403404857922,5.22440271119103,4.61639754427416,4.48230793172055,4.77135827498172,3.43042623988154,4.98587682464174,5.13753548745432,4.92647693484587,6.20906910302612
"23",4.22797554993759,3.13336212371053,3.83087918645386,3.41853157992884,2.39724931975108,3.79102233669452,4.0397980109222,2.84738754261428,3.07583669331692,3.45085049573083,4.25368470727389,4.7857114430603,2.62744323900826,3.03729252510357,2.65992560221792,3.1786458691763,2.83425620595355,2.91244439151153,3.57196160898876,2.53126946559245,2.97287776793849,3.30499503092825,3.59689761210398,3.28115921981788,3.32779196324906,2.61962757893465,4.08716017090803,4.09686738549828,3.58195330841371,4.57440496956418
"24",7.55090063670876,7.44105771122247,8.12875518371682,6.45454685211714,6.97240319695471,7.79468901517634,8.97812457380557,6.85389504377386,6.32173526641191,5.96592800412119,8.29207235650977,9.37822294190681,5.86608625931747,7.4145031679311,5.54276085424093,6.81748199317952,6.82074275316176,6.96935467937378,7.76018531923843,5.73639427073809,6.25916547430385,7.79912390005977,6.84954816327303,6.59388536297087,7.64230239497868,8.01840875130055,7.55528033507029,6.89671890123824,7.66078172651972,9.5290185544752
"25",4.26206523740515,4.47650793273755,4.50171528868284,4.66534959434289,3.28356786343159,4.07700154381794,5.9337216959202,3.96754469194283,3.84463238869664,3.9786952426687,5.58981433065553,5.08279953457444,3.71329011340308,4.31907278161301,3.39814559407095,3.52421549465738,3.36595748817249,3.55280135204719,4.56959708482348,3.48685695026786,3.30869407113326,4.70617266790841,3.96396146120883,4.19816936628579,4.30875633560212,4.17839350915789,5.40602102685103,3.65601434871453,4.79568631805539,5.75113991340918
"26",0.948587918573006,0.797798357095006,0.83186513373884,0.702339335134559,0.760077492546147,0.795350206760289,0.912769072177728,0.638519455015974,0.708464014369138,0.686490344026851,0.792852117553794,0.976271265129157,0.560719469750174,0.652530943226727,0.577359225823888,0.685496601006725,0.651230703895334,0.653633748060289,0.649205825026847,0.59501080405553,0.649843522138326,0.878510264709616,0.632974019339486,0.814831233501633,0.834730300653947,0.80931887283753,0.940833481490667,0.829601102612752,0.902625094265189,0.999456494832363
"27",0.0533561240080119,0.0600317832894171,0.057985276689303,0.0780554653492094,0.0619649234048342,0.0507622177010975,0.0476384831701254,0.060084488102124,0.0615055861776861,0.0610719178872986,0.0617697152734545,0.0520482728243084,0.0870180009167003,0.057380952339457,0.0719420871442263,0.0701830482693254,0.0769902376944976,0.0573219944882399,0.0599589202190111,0.0791234925082318,0.0548078828896165,0.0626139668828201,0.0624986828643106,0.0674030970996384,0.0636060728508181,0.047260713247137,0.0703540029833536,0.0771407863393132,0.0551962876918463,0.0917906824280116
